country,latitude,longitude,bcm,m_mscfd,year,field_type,field_name,field_operator,location,flare_level,flaring_vol_million_m3
Nigeria,5.619424,6.815036,0.109629477,10.60692815,2012,OIL,Izombe,Addax,ONSHORE,Medium,109.6294768
Nigeria,5.673479,5.274604,0.059016766,5.710020832,2012,OIL,Abiteye,Chevron,ONSHORE,Medium,59.01676599
Nigeria,5.860803,5.133084,0.111757254,10.81279597,2012,OIL,Benin River,Chevron,ONSHORE,Medium,111.7572542
Nigeria,5.817179,5.200836,0.126998587,12.28743332,2012,OIL,Dibi,Chevron,ONSHORE,Medium,126.9985869
Nigeria,5.783992,5.428424,0.064862461,6.275606545,2012,OIL,Makaraba,Chevron,ONSHORE,Medium,64.8624609
Nigeria,5.916131,5.01622,0.075311785,7.286604957,2012,OIL,Opuekeba,Chevron,ONSHORE,Medium,75.31178472
Nigeria,5.634528,6.669413,0.251017398,24.28656586,2012,OIL,Akri,Eni,ONSHORE,Medium,251.0173984
Nigeria,5.659787,6.516926,0.117756729,11.39326025,2012,OIL,Kwale,Eni,ONSHORE,Medium,117.7567287
Nigeria,5.459827,6.694868,0.121910257,11.79512454,2012,OIL,M'Bede,Eni,ONSHORE,Medium,121.9102566
Nigeria,4.628705,6.263604,0.132764435,12.84529363,2012,OIL,Obama,Eni,ONSHORE,Medium,132.7644347
Nigeria,5.386461,6.657315,0.140883998,13.6308818,2012,OIL,Obiafu-Obrikom,Eni,ONSHORE,Medium,140.8839976
Nigeria,4.813912,5.961619,0.071888119,6.955356624,2012,OIL,Ogbainbiri,Eni,ONSHORE,Medium,71.88811851
Nigeria,5.099876,6.506743,0.10219305,9.887435139,2012,OIL,Oshi,Eni,ONSHORE,Medium,102.1930503
Nigeria,4.556357,5.921292,0.067629607,6.543334856,2012,OIL,Tebidaba,Eni,ONSHORE,Medium,67.62960651
Nigeria,4.559199,6.97518,0.059353011,5.742553384,2012,OIL,Cawthorne Channel,Eroton E&P Company,ONSHORE,Medium,59.353011
Nigeria,4.423445,7.155116,0.093362848,9.033090837,2012,OIL,NLNG,NA,ONSHORE,Medium,93.36284819
Nigeria,4.552183,8.011026,0.132561268,12.82563676,2012,OIL,Qua Iboe,Network E&P,ONSHORE,Medium,132.5612682
Nigeria,6.063026,5.586879,0.199381462,19.29065886,2012,OIL,Oredo,NPDC,ONSHORE,Medium,199.3814617
Nigeria,5.434143,5.884579,0.076368724,7.388866471,2012,OIL,Utorogu,NPDC,ONSHORE,Medium,76.36872374
Nigeria,5.44816,5.87926,0.063741053,6.16710748,2012,OIL,Utorogu,NPDC,ONSHORE,Medium,63.74105274
Nigeria,5.881206,6.217936,0.099001236,9.578619102,2012,OIL,Egbaoma,Platform Petroleum,ONSHORE,Medium,99.00123637
Nigeria,6.013348,5.865418,0.096791246,9.364796972,2012,OIL,Oben,SEPLAT Petroleum Development,ONSHORE,Medium,96.79124608
Nigeria,4.526689,6.632389,0.100804598,9.753098875,2012,OIL,Robertkiri,SEPLAT Petroleum Development,ONSHORE,Medium,100.8045979
Nigeria,5.900414,5.582542,0.133922809,12.95736927,2012,OIL,Sapele,SEPLAT Petroleum Development,ONSHORE,Medium,133.9228092
Nigeria,4.401454,6.646596,0.075088804,7.26503104,2012,OIL,Belema,Shell,ONSHORE,Medium,75.0888043
Nigeria,5.006007,5.686542,0.054541188,5.276997399,2012,OIL,Benisede,Shell,ONSHORE,Medium,54.54118817
Nigeria,4.66178,6.076893,0.089265213,8.636634336,2012,OIL,Diebu Creek,Shell,ONSHORE,Medium,89.26521331
Nigeria,5.536295,5.194801,0.081071718,7.84389301,2012,OIL,Escravos Beach,Shell,ONSHORE,Medium,81.07171793
Nigeria,5.018598,6.300172,0.056981256,5.513080149,2012,GAS,Gbaran,Shell,ONSHORE,Medium,56.9812564
Nigeria,4.800744,6.089971,0.056921223,5.507271787,2012,OIL,Nun River,Shell,ONSHORE,Medium,56.92122321
Nigeria,5.624213,5.172899,0.063533746,6.147050032,2012,OIL,Saghara,Shell,ONSHORE,Medium,63.53374601
Nigeria,5.615888,5.20193,0.054425262,5.265781251,2012,OIL,Saghara,Shell,ONSHORE,Medium,54.42526201
Nigeria,4.880939,5.615126,0.124786822,12.07343952,2012,GAS,Tunu,Shell,ONSHORE,Medium,124.7868223
Nigeria,5.238211,6.626947,0.078082479,7.55467662,2012,OIL,Obagi,TotalEnergies,ONSHORE,Medium,78.08247909
Nigeria,5.249955,6.599884,0.273374882,26.44970875,2012,OIL,Obagi SW,TotalEnergies,ONSHORE,Medium,273.3748821
Nigeria,5.619424,6.815036,0.086256752,8.345558125,2013,OIL,Izombe,Addax,ONSHORE,Medium,86.25675202
Nigeria,5.860803,5.133084,0.057748971,5.587358518,2013,OIL,Benin River,Chevron,ONSHORE,Medium,57.74897148
Nigeria,5.817179,5.200836,0.078196631,7.565721092,2013,OIL,Dibi,Chevron,ONSHORE,Medium,78.19663087
Nigeria,5.783992,5.428424,0.058644146,5.673968927,2013,OIL,Makaraba,Chevron,ONSHORE,Medium,58.64414619
Nigeria,5.916131,5.01622,0.065686365,6.355321312,2013,OIL,Opuekeba,Chevron,ONSHORE,Medium,65.68636468
Nigeria,5.634528,6.669413,0.183006596,17.70634933,2013,OIL,Akri,Eni,ONSHORE,Medium,183.0065959
Nigeria,4.851438,5.69192,0.060400487,5.843899294,2013,OIL,Clough Creek,Eni,ONSHORE,Medium,60.40048666
Nigeria,5.488513,6.243742,0.107630638,10.41353543,2013,GAS,Irri,Eni,ONSHORE,Medium,107.6306378
Nigeria,5.659787,6.516926,0.171160244,16.56018489,2013,OIL,Kwale,Eni,ONSHORE,Medium,171.1602436
Nigeria,5.459827,6.694868,0.133908614,12.95599586,2013,OIL,M'Bede,Eni,ONSHORE,Medium,133.9086141
Nigeria,4.628705,6.263604,0.112795266,10.91322628,2013,OIL,Obama,Eni,ONSHORE,Medium,112.7952665
Nigeria,5.386461,6.657315,0.144218649,13.95351773,2013,OIL,Obiafu-Obrikom,Eni,ONSHORE,Medium,144.2186491
Nigeria,4.813912,5.961619,0.072606151,7.024828072,2013,OIL,Ogbainbiri,Eni,ONSHORE,Medium,72.60615095
Nigeria,5.099876,6.506743,0.123883663,11.98605657,2013,OIL,Oshi,Eni,ONSHORE,Medium,123.8836628
Nigeria,4.423445,7.155116,0.090766339,8.781872009,2013,OIL,NLNG,NA,ONSHORE,Medium,90.76633879
Nigeria,4.552183,8.011026,0.172563187,16.69592317,2013,OIL,Qua Iboe,Network E&P,ONSHORE,Medium,172.5631867
Nigeria,6.063026,5.586879,0.176760187,17.10199351,2013,OIL,Oredo,NPDC,ONSHORE,Medium,176.7601868
Nigeria,5.434143,5.884579,0.120413863,11.65034466,2013,OIL,Utorogu,NPDC,ONSHORE,Medium,120.4138628
Nigeria,5.44816,5.87926,0.063503582,6.144131544,2013,OIL,Utorogu,NPDC,ONSHORE,Medium,63.50358155
Nigeria,5.881206,6.217936,0.078168832,7.563031506,2013,OIL,Egbaoma,Platform Petroleum,ONSHORE,Medium,78.16883225
Nigeria,6.065285,5.437123,0.052482907,5.077853545,2013,OIL,Oki,Sahara Energy,ONSHORE,Medium,52.48290737
Nigeria,6.013348,5.865418,0.149081929,14.42405231,2013,OIL,Oben,SEPLAT Petroleum Development,ONSHORE,Medium,149.081929
Nigeria,4.526689,6.632389,0.074572164,7.215044788,2013,OIL,Robertkiri,SEPLAT Petroleum Development,ONSHORE,Medium,74.57216399
Nigeria,5.900414,5.582542,0.199688134,19.32033015,2013,OIL,Sapele,SEPLAT Petroleum Development,ONSHORE,Medium,199.6881337
Nigeria,4.401454,6.646596,0.052539096,5.083289943,2013,OIL,Belema,Shell,ONSHORE,Medium,52.53909607
Nigeria,4.66178,6.076893,0.057342638,5.548044774,2013,OIL,Diebu Creek,Shell,ONSHORE,Medium,57.34263846
Nigeria,5.536295,5.194801,0.076607969,7.412014083,2013,OIL,Escravos Beach,Shell,ONSHORE,Medium,76.60796931
Nigeria,5.018598,6.300172,0.058624037,5.672023269,2013,GAS,Gbaran,Shell,ONSHORE,Medium,58.62403655
Nigeria,4.913094,5.773726,0.065203438,6.308596899,2013,OIL,Opukushi,Shell,ONSHORE,Medium,65.20343759
Nigeria,4.880939,5.615126,0.092670544,8.966108687,2013,GAS,Tunu,Shell,ONSHORE,Medium,92.67054426
Nigeria,5.238211,6.626947,0.098941203,9.572810739,2013,OIL,Obagi,TotalEnergies,ONSHORE,Medium,98.94120318
Nigeria,5.249955,6.599884,0.124181463,12.01486948,2013,OIL,Obagi SW,TotalEnergies,ONSHORE,Medium,124.181463
Nigeria,5.619424,6.815036,0.068644848,6.64156199,2014,OIL,Izombe,Addax,ONSHORE,Medium,68.6448476
Nigeria,5.783992,5.428424,0.061304238,5.931339469,2014,OIL,Makaraba,Chevron,ONSHORE,Medium,61.30423754
Nigeria,5.916131,5.01622,0.060998748,5.901782629,2014,OIL,Opuekeba,Chevron,ONSHORE,Medium,60.99874845
Nigeria,5.684999,6.359476,0.084711563,8.196057171,2014,OIL,Ebendo,Energia,ONSHORE,Medium,84.71156277
Nigeria,4.851438,5.69192,0.080738134,7.811617972,2014,OIL,Clough Creek,Eni,ONSHORE,Medium,80.73813449
Nigeria,5.659787,6.516926,0.152813154,14.78505777,2014,OIL,Kwale,Eni,ONSHORE,Medium,152.8131544
Nigeria,5.459827,6.694868,0.104817654,10.14137217,2014,OIL,M'Bede,Eni,ONSHORE,Medium,104.817654
Nigeria,4.628705,6.263604,0.111858394,10.82258149,2014,OIL,Obama,Eni,ONSHORE,Medium,111.8583939
Nigeria,5.386461,6.657315,0.109630364,10.60701399,2014,OIL,Obiafu-Obrikom,Eni,ONSHORE,Medium,109.630364
Nigeria,4.813912,5.961619,0.052234198,5.053790329,2014,OIL,Ogbainbiri,Eni,ONSHORE,Medium,52.23419844
Nigeria,5.099876,6.506743,0.11332758,10.964729,2014,OIL,Oshi,Eni,ONSHORE,Medium,113.3275805
Nigeria,4.423445,7.155116,0.080097288,7.749614419,2014,OIL,NLNG,NA,ONSHORE,Medium,80.09728758
Nigeria,4.552183,8.011026,0.163863402,15.85419703,2014,OIL,Qua Iboe,Network E&P,ONSHORE,Medium,163.8634015
Nigeria,6.063026,5.586879,0.105482159,10.20566473,2014,OIL,Oredo,NPDC,ONSHORE,Medium,105.4821593
Nigeria,5.434143,5.884579,0.112917699,10.9250719,2014,OIL,Utorogu,NPDC,ONSHORE,Medium,112.9176987
Nigeria,5.44816,5.87926,0.059984099,5.803612721,2014,OIL,Utorogu,NPDC,ONSHORE,Medium,59.98409882
Nigeria,5.881206,6.217936,0.102975256,9.963115526,2014,OIL,Egbaoma,Platform Petroleum,ONSHORE,Medium,102.9752561
Nigeria,6.013348,5.865418,0.157064569,15.19639284,2014,OIL,Oben,SEPLAT Petroleum Development,ONSHORE,Medium,157.0645688
Nigeria,4.526689,6.632389,0.083546682,8.08335205,2014,OIL,Robertkiri,SEPLAT Petroleum Development,ONSHORE,Medium,83.5466823
Nigeria,5.900414,5.582542,0.136634949,13.219775630000001,2014,OIL,Sapele,SEPLAT Petroleum Development,ONSHORE,Medium,136.634949
Nigeria,4.401454,6.646596,0.063571008,6.150655222,2014,OIL,Belema,Shell,ONSHORE,Medium,63.57100799
Nigeria,5.536295,5.194801,0.065344501,6.322245121,2014,OIL,Escravos Beach,Shell,ONSHORE,Medium,65.3445008
Nigeria,5.018598,6.300172,0.05495521,5.317055071,2014,GAS,Gbaran,Shell,ONSHORE,Medium,54.95521017
Nigeria,4.913094,5.773726,0.096086817,9.296641705,2014,OIL,Opukushi,Shell,ONSHORE,Medium,96.08681722
Nigeria,4.880939,5.615126,0.065937735,6.379642042,2014,GAS,Tunu,Shell,ONSHORE,Medium,65.93773518
Nigeria,5.238211,6.626947,0.103968613,10.05922533,2014,OIL,Obagi,TotalEnergies,ONSHORE,Medium,103.9686132
Nigeria,5.249955,6.599884,0.131103024,12.68454791,2014,OIL,Obagi SW,TotalEnergies,ONSHORE,Medium,131.1030236
Nigeria,5.619424,6.815036,0.062619349,6.058579802,2015,OIL,Izombe,Addax,ONSHORE,Medium,62.61934885
Nigeria,5.783992,5.428424,0.057007281,5.51559806,2015,OIL,Makaraba,Chevron,ONSHORE,Medium,57.00728064
Nigeria,5.684999,6.359476,0.181889032,17.59822223,2015,OIL,Ebendo,Energia,ONSHORE,Medium,181.8890322
Nigeria,5.634528,6.669413,0.058259697,5.636772518,2015,OIL,Akri,Eni,ONSHORE,Medium,58.25969719
Nigeria,4.851438,5.69192,0.091080108,8.812230002,2015,OIL,Clough Creek,Eni,ONSHORE,Medium,91.08010832
Nigeria,5.659787,6.516926,0.149524045,14.46682818,2015,OIL,Kwale,Eni,ONSHORE,Medium,149.5240453
Nigeria,4.628705,6.263604,0.08051338,7.789872379,2015,OIL,Obama,Eni,ONSHORE,Medium,80.51337969
Nigeria,5.386461,6.657315,0.133968943,12.96183284,2015,OIL,Obiafu-Obrikom,Eni,ONSHORE,Medium,133.968943
Nigeria,5.099876,6.506743,0.120174026,11.62713983,2015,OIL,Oshi,Eni,ONSHORE,Medium,120.1740257
Nigeria,4.423445,7.155116,0.084164462,8.143123819,2015,OIL,NLNG,NA,ONSHORE,Medium,84.16446227
Nigeria,5.524229,5.468029,0.127217427,12.30860666,2015,OIL,Odidi,Neconde Energy,ONSHORE,Medium,127.2174271
Nigeria,4.552183,8.011026,0.147726894,14.29294927,2015,OIL,Qua Iboe,Network E&P,ONSHORE,Medium,147.7268941
Nigeria,6.038037,5.717799,0.057545805,5.567701646,2015,OIL,Ogharefe,NPDC,ONSHORE,Medium,57.54580497
Nigeria,6.063026,5.586879,0.113817309,11.0121115,2015,OIL,Oredo,NPDC,ONSHORE,Medium,113.8173094
Nigeria,5.434143,5.884579,0.09197203,8.898525672,2015,OIL,Utorogu,NPDC,ONSHORE,Medium,91.97203
Nigeria,5.881206,6.217936,0.078651464,7.609727306,2015,OIL,Egbaoma,Platform Petroleum,ONSHORE,Medium,78.65146361
Nigeria,6.013348,5.865418,0.180712323,17.4843726,2015,OIL,Oben,SEPLAT Petroleum Development,ONSHORE,Medium,180.7123226
Nigeria,5.900414,5.582542,0.124641323,12.05936211,2015,OIL,Sapele,SEPLAT Petroleum Development,ONSHORE,Medium,124.6413231
Nigeria,5.536295,5.194801,0.051930779,5.024433778,2015,OIL,Escravos Beach,Shell,ONSHORE,Medium,51.93077946
Nigeria,4.913094,5.773726,0.084082545,8.135198123,2015,OIL,Opukushi,Shell,ONSHORE,Medium,84.08254506
Nigeria,4.880939,5.615126,0.069678128,6.741534494,2015,GAS,Tunu,Shell,ONSHORE,Medium,69.67812822
Nigeria,5.716869,6.48592,0.067773036,6.557211978,2015,OIL,Okwuibome,Sterling Global,ONSHORE,Medium,67.77303556
Nigeria,5.823731,6.4422,0.05281028,5.109527718,2015,GAS,Matsogo,Swift Oil,ONSHORE,Medium,52.81028048
Nigeria,5.238211,6.626947,0.064358241,6.226822024,2015,OIL,Obagi,TotalEnergies,ONSHORE,Medium,64.35824125
Nigeria,5.249955,6.599884,0.176160151,17.0439385,2015,OIL,Obagi SW,TotalEnergies,ONSHORE,Medium,176.1601507
Nigeria,4.441032,6.360812,0.059592167,5.765692336,2016,OIL,Nembe Creek,Aiteo Eastern E&P Company,ONSHORE,Medium,59.59216707
Nigeria,4.453277,6.325722,0.056942472,5.509327638,2016,OIL,Nembe Creek,Aiteo Eastern E&P Company,ONSHORE,Medium,56.94247176
Nigeria,5.685073,6.359298,0.115034407,11.12986876,2016,OIL,Ebendo,Energia,ONSHORE,Medium,115.034407
Nigeria,5.634102,6.669238,0.100144511,9.689233773,2016,OIL,Akri,Eni,ONSHORE,Medium,100.1445107
Nigeria,4.85106,5.692364,0.066699115,6.4533075,2016,OIL,Clough Creek,Eni,ONSHORE,Medium,66.69911543
Nigeria,5.659545,6.51714,0.149231826,14.43855524,2016,OIL,Kwale,Eni,ONSHORE,Medium,149.2318261
Nigeria,4.628855,6.263102,0.139077156,13.4560653,2016,OIL,Obama,Eni,ONSHORE,Medium,139.0771558
Nigeria,5.386577,6.657141,0.187294742,18.12123825,2016,OIL,Obiafu-Obrikom,Eni,ONSHORE,Medium,187.2947418
Nigeria,4.813553,5.962204,0.061645703,5.964377108,2016,OIL,Ogbainbiri,Eni,ONSHORE,Medium,61.64570295
Nigeria,5.715309,6.486204,0.134474605,13.01075695,2016,OIL,Okpai,Eni,ONSHORE,Medium,134.4746054
Nigeria,5.099911,6.506863,0.110094004,10.65187228,2016,OIL,Oshi,Eni,ONSHORE,Medium,110.0940036
Nigeria,4.653205,7.059681,0.056955387,5.510577228,2016,OIL,Alakiri,Eroton E&P Company,ONSHORE,Medium,56.95538708
Nigeria,4.551676,7.044897,0.074800543,7.237141074,2016,OIL,Cawthorne Channel,Eroton E&P Company,ONSHORE,Medium,74.80054343
Nigeria,4.559364,6.97581,0.070344171,6.805975809,2016,OIL,Cawthorne Channel,Eroton E&P Company,ONSHORE,Medium,70.34417097
Nigeria,4.552606,8.009838,0.126012723,12.19204846,2016,OIL,Qua Iboe,Network E&P,ONSHORE,Medium,126.0127225
Nigeria,5.433828,5.884398,0.078925521,7.636243003,2016,OIL,Utorogu,NPDC,ONSHORE,Medium,78.92552052
Nigeria,5.880783,6.217643,0.065071492,6.295830791,2016,OIL,Egbaoma,Platform Petroleum,ONSHORE,Medium,65.07149158
Nigeria,6.013415,5.865506,0.1127754,10.91130416,2016,OIL,Oben,SEPLAT Petroleum Development,ONSHORE,Medium,112.7754001
Nigeria,4.526569,6.632295,0.055910714,5.409502456,2016,OIL,Robertkiri,SEPLAT Petroleum Development,ONSHORE,Medium,55.91071381
Nigeria,5.900323,5.582892,0.056417053,5.458492055,2016,OIL,Sapele,SEPLAT Petroleum Development,ONSHORE,Medium,56.41705306
Nigeria,5.018409,6.300028,0.052435025,5.073220813,2016,GAS,Gbaran,Shell,ONSHORE,Medium,52.43502508
Nigeria,5.250405,6.59954,0.138002542,13.35209375,2016,OIL,Obagi SW,TotalEnergies,ONSHORE,Medium,138.0025424
Nigeria,5.619353,6.81484,0.055190978,5.339866227,2017,OIL,Izombe,Addax,ONSHORE,Medium,55.19097825
Nigeria,5.783928,5.428429,0.053521967,5.178385151,2017,OIL,Makaraba,Chevron,ONSHORE,Medium,53.52196667
Nigeria,5.684978,6.359498,0.138446066,13.3950058,2017,OIL,Ebendo,Energia,ONSHORE,Medium,138.4460663
Nigeria,5.634508,6.669287,0.064526406,6.243092423,2017,OIL,Akri,Eni,ONSHORE,Medium,64.52640637
Nigeria,4.851267,5.691978,0.091331272,8.836530763,2017,OIL,Clough Creek,Eni,ONSHORE,Medium,91.33127244
Nigeria,5.659756,6.516747,0.150652805,14.57603851,2017,OIL,Kwale,Eni,ONSHORE,Medium,150.6528049
Nigeria,4.628654,6.263662,0.153934177,14.89351951,2017,OIL,Obama,Eni,ONSHORE,Medium,153.9341767
Nigeria,5.386449,6.657321,0.150542438,14.5653602,2017,OIL,Obiafu-Obrikom,Eni,ONSHORE,Medium,150.5424376
Nigeria,5.715931,6.486049,0.22843033,22.10121003,2017,OIL,Okpai,Eni,ONSHORE,Medium,228.4303295
Nigeria,5.099824,6.506783,0.098054284,9.486999031,2017,OIL,Oshi,Eni,ONSHORE,Medium,98.05428356
Nigeria,4.653105,7.059494,0.077948653,7.541728577,2017,OIL,Alakiri,Eroton E&P Company,ONSHORE,Medium,77.94865268
Nigeria,4.552423,7.044982,0.063700413,6.163175478,2017,OIL,Cawthorne Channel,Eroton E&P Company,ONSHORE,Medium,63.70041295
Nigeria,4.559314,6.975436,0.068387206,6.616634561,2017,OIL,Cawthorne Channel,Eroton E&P Company,ONSHORE,Medium,68.38720646
Nigeria,4.552314,8.010538,0.130437981,12.62020335,2017,OIL,Qua Iboe,Network E&P,ONSHORE,Medium,130.4379808
Nigeria,6.062914,5.586881,0.059951448,5.800453651,2017,OIL,Oredo,NPDC,ONSHORE,Medium,59.95144779
Nigeria,5.434072,5.884495,0.08975619,8.684137613,2017,OIL,Utorogu,NPDC,ONSHORE,Medium,89.75619046
Nigeria,5.881633,6.21788,0.086035111,8.324113764,2017,OIL,Egbaoma,Platform Petroleum,ONSHORE,Medium,86.03511065
Nigeria,6.013361,5.865319,0.120116879,11.62161073,2017,OIL,Oben,SEPLAT Petroleum Development,ONSHORE,Medium,120.116879
Nigeria,4.526623,6.632393,0.058825173,5.691483745,2017,OIL,Robertkiri,SEPLAT Petroleum Development,ONSHORE,Medium,58.82517318
Nigeria,5.900427,5.582558,0.065440165,6.331500898,2017,OIL,Sapele,SEPLAT Petroleum Development,ONSHORE,Medium,65.44016526
Nigeria,5.018519,6.300249,0.085164207,8.239851655,2017,GAS,Gbaran,Shell,ONSHORE,Medium,85.16420714
Nigeria,5.249976,6.600163,0.13428704,12.99260949,2017,OIL,Obagi SW,TotalEnergies,ONSHORE,Medium,134.2870397
Nigeria,5.618918,6.814459,0.061095041,5.911099144,2018,OIL,Izombe,Addax,ONSHORE,Medium,61.09504067
Nigeria,5.685016,6.359101,0.159243841,15.4072429,2018,OIL,Ebendo,Energia,ONSHORE,Medium,159.2438409
Nigeria,5.634701,6.669406,0.053125408,5.140017065,2018,OIL,Akri,Eni,ONSHORE,Medium,53.12540764
Nigeria,4.85092,5.692007,0.103777238,10.04070929,2018,OIL,Clough Creek,Eni,ONSHORE,Medium,103.777238
Nigeria,5.659297,6.516669,0.181024647,17.51459083,2018,OIL,Kwale,Eni,ONSHORE,Medium,181.0246475
Nigeria,4.628885,6.26387,0.13803307,13.35504732,2018,OIL,Obama,Eni,ONSHORE,Medium,138.0330696
Nigeria,5.386481,6.657007,0.137827599,13.33516749,2018,OIL,Obiafu-Obrikom,Eni,ONSHORE,Medium,137.8275986
Nigeria,5.715555,6.486163,0.15835239,15.32099281,2018,OIL,Okpai,Eni,ONSHORE,Medium,158.3523903
Nigeria,5.099466,6.506441,0.09933202,9.610623218,2018,OIL,Oshi,Eni,ONSHORE,Medium,99.33201965
Nigeria,4.653613,7.059517,0.084942005,8.218353031,2018,OIL,Alakiri,Eroton E&P Company,ONSHORE,Medium,84.94200493
Nigeria,4.559349,6.976101,0.077576457,7.505717673,2018,OIL,Cawthorne Channel,Eroton E&P Company,ONSHORE,Medium,77.57645664
Nigeria,5.687963,5.377085,0.05495997,5.31751561,2018,OIL,Jones Creek,Neconde Energy,ONSHORE,Medium,54.95997014
Nigeria,5.523967,5.467474,0.136401043,13.19714462,2018,OIL,Odidi,Neconde Energy,ONSHORE,Medium,136.4010428
Nigeria,4.552402,8.009782,0.102376219,9.905157203,2018,OIL,Qua Iboe,Network E&P,ONSHORE,Medium,102.3762193
Nigeria,6.03762,5.718321,0.056384178,5.455311281,2018,OIL,Ogharefe,NPDC,ONSHORE,Medium,56.3841777
Nigeria,5.951135,5.050607,0.089503755,8.659713813,2018,OIL,Opuama,NPDC,ONSHORE,Medium,89.50375466
Nigeria,6.062264,5.586473,0.113065701,10.93939153,2018,OIL,Oredo,NPDC,ONSHORE,Medium,113.0657013
Nigeria,5.433965,5.884116,0.122363558,11.83898255,2018,OIL,Utorogu,NPDC,ONSHORE,Medium,122.3635576
Nigeria,5.883253,6.218278,0.085478284,8.270239405,2018,OIL,Egbaoma,Platform Petroleum,ONSHORE,Medium,85.47828424
Nigeria,6.013392,5.865299,0.113760487,11.00661377,2018,OIL,Oben,SEPLAT Petroleum Development,ONSHORE,Medium,113.7604868
Nigeria,4.526674,6.632316,0.060021601,5.807241196,2018,OIL,Robertkiri,SEPLAT Petroleum Development,ONSHORE,Medium,60.02160146
Nigeria,5.900444,5.582805,0.177619406,17.18512513,2018,OIL,Sapele,SEPLAT Petroleum Development,ONSHORE,Medium,177.619406
Nigeria,5.614245,5.20145,0.0954721,9.237166279,2018,OIL,Saghara,Shell,ONSHORE,Medium,95.47210015
Nigeria,5.771321,6.626831,0.05853722,5.663623573,2018,OIL,Anieze,Sterling Global,ONSHORE,Medium,58.53722025
Nigeria,5.722653,6.515304,0.056476933,5.464285607,2018,OIL,Okwuibome,Sterling Global,ONSHORE,Medium,56.47693318
Nigeria,5.25041,6.599925,0.130101889,12.58768561,2018,OIL,Obagi SW,TotalEnergies,ONSHORE,Medium,130.101889
Nigeria,5.684827,6.359614,0.180287887,17.44330741,2019,OIL,Ebendo,Energia,ONSHORE,Medium,180.2878872
Nigeria,5.634355,6.669668,0.068729169,6.64972029,2019,OIL,Akri,Eni,ONSHORE,Medium,68.72916891
Nigeria,5.687306,6.591623,0.056048379,5.422821947,2019,OIL,Beniku,Eni,ONSHORE,Medium,56.04837938
Nigeria,4.85097,5.692017,0.079872155,7.727832252,2019,OIL,Clough Creek,Eni,ONSHORE,Medium,79.87215477
Nigeria,5.659406,6.516686,0.134446133,13.00800217,2019,OIL,Kwale,Eni,ONSHORE,Medium,134.446133
Nigeria,4.628975,6.263587,0.099410979,9.618262755,2019,OIL,Obama,Eni,ONSHORE,Medium,99.41097922
Nigeria,5.386141,6.657376,0.169628932,16.41202666,2019,OIL,Obiafu-Obrikom,Eni,ONSHORE,Medium,169.6289323
Nigeria,4.813718,5.962013,0.059613301,5.76773712,2019,OIL,Ogbainbiri,Eni,ONSHORE,Medium,59.61330123
Nigeria,5.715629,6.48628,0.128507728,12.43344648,2019,OIL,Okpai,Eni,ONSHORE,Medium,128.5077275
Nigeria,5.099498,6.506826,0.07291432,7.05464417,2019,OIL,Oshi,Eni,ONSHORE,Medium,72.91431965
Nigeria,4.555961,5.92135,0.052716227,5.10042779,2019,OIL,Tebidaba,Eni,ONSHORE,Medium,52.71622682
Nigeria,4.653412,7.059597,0.085512627,8.273562178,2019,OIL,Alakiri,Eroton E&P Company,ONSHORE,Medium,85.51262725
Nigeria,4.552097,7.045041,0.081108797,7.847480471,2019,OIL,Cawthorne Channel,Eroton E&P Company,ONSHORE,Medium,81.10879666
Nigeria,4.559221,6.975694,0.055701133,5.389225022,2019,OIL,Cawthorne Channel,Eroton E&P Company,ONSHORE,Medium,55.70113339
Nigeria,4.423356,7.155696,0.06150745,5.951000817,2019,OIL,NLNG,NA,ONSHORE,Medium,61.50745032
Nigeria,5.524096,5.4678890000000004,0.117163674,11.33588068,2019,OIL,Odidi,Neconde Energy,ONSHORE,Medium,117.1636736
Nigeria,4.5524,8.009727,0.092491597,8.948795043,2019,OIL,Qua Iboe,Network E&P,ONSHORE,Medium,92.49159653
Nigeria,5.568324,6.304954,0.067193126,6.501104308,2019,OIL,Ogini,NPDC,ONSHORE,Medium,67.19312642
Nigeria,5.951024,5.050775,0.146719209,14.19545323,2019,OIL,Opuama,NPDC,ONSHORE,Medium,146.7192093
Nigeria,6.062075,5.586631,0.138576394,13.40761529,2019,OIL,Oredo,NPDC,ONSHORE,Medium,138.5763936
Nigeria,5.43388,5.884244,0.08234221,7.966816293,2019,OIL,Utorogu,NPDC,ONSHORE,Medium,82.34220972
Nigeria,5.883333,6.218265,0.096485953,9.335259075,2019,OIL,Egbaoma,Platform Petroleum,ONSHORE,Medium,96.48595277
Nigeria,6.06489,5.437544,0.056865273,5.501858499,2019,OIL,Oziengbe South,Sahara Energy,ONSHORE,Medium,56.86527337
Nigeria,6.013467,5.865282,0.119830394,11.59389256,2019,OIL,Oben,SEPLAT Petroleum Development,ONSHORE,Medium,119.8303937
Nigeria,5.900457,5.582924,0.160184605,15.49826415,2019,OIL,Sapele,SEPLAT Petroleum Development,ONSHORE,Medium,160.1846045
Nigeria,5.614298,5.201526,0.088514265,8.563978198,2019,OIL,Saghara,Shell,ONSHORE,Medium,88.51426503
Nigeria,5.250413,6.599958,0.085174187,8.240817247,2019,OIL,Obagi SW,TotalEnergies,ONSHORE,Medium,85.17418716
Nigeria,5.684799,6.35981,0.179935358,17.40919929,2020,OIL,Ebendo,Energia,ONSHORE,Medium,179.9353577
Nigeria,5.634489,6.669521,0.118145238,11.4308495,2020,OIL,Akri,Eni,ONSHORE,Medium,118.1452379
Nigeria,5.687485,6.591402,0.073425649,7.104116565,2020,OIL,Beniku,Eni,ONSHORE,Medium,73.42564891
Nigeria,5.659596,6.516632,0.20018746,19.36864123,2020,OIL,Kwale,Eni,ONSHORE,Medium,200.18746
Nigeria,5.458636,6.694965,0.051745817,5.006538159,2020,OIL,M'Bede,Eni,ONSHORE,Medium,51.74581664
Nigeria,4.628936,6.263729,0.054406079,5.263925249,2020,OIL,Obama,Eni,ONSHORE,Medium,54.40607903
Nigeria,5.386186,6.657389,0.200151356,19.36514806,2020,OIL,Obiafu-Obrikom,Eni,ONSHORE,Medium,200.1513558
Nigeria,5.71613,6.48641,0.095513488,9.241170646,2020,OIL,Okpai,Eni,ONSHORE,Medium,95.51348788
Nigeria,5.099594,6.50654,0.061516843,5.95190961,2020,OIL,Oshi,Eni,ONSHORE,Medium,61.51684328
Nigeria,4.653488,7.059501,0.066728175,6.456119077,2020,OIL,Alakiri,Eroton E&P Company,ONSHORE,Medium,66.7281749
Nigeria,4.552059,7.045028,0.061277029,5.928707,2020,OIL,Cawthorne Channel,Eroton E&P Company,ONSHORE,Medium,61.27702927
Nigeria,4.459591,7.468487,0.086935367,8.41121585,2020,OIL,Otakikpo,Lekoil,ONSHORE,Medium,86.93536716
Nigeria,4.507464,5.739914,0.090747441,8.780043626,2020,NA,NA,NA,ONSHORE,Medium,90.74744127
Nigeria,4.423436,7.15552,0.058927028,5.701338464,2020,OIL,NLNG,NA,ONSHORE,Medium,58.92702809
Nigeria,5.524023,5.467851,0.093026408,9.000539419,2020,OIL,Odidi,Neconde Energy,ONSHORE,Medium,93.02640819
Nigeria,4.552958,8.009434,0.07358122,7.119168441,2020,OIL,Qua Iboe,Network E&P,ONSHORE,Medium,73.58121981
Nigeria,5.568335,6.305062,0.066445506,6.428770101,2020,OIL,Ogini,NPDC,ONSHORE,Medium,66.44550551
Nigeria,5.951055,5.050558,0.09708857,9.393563797,2020,OIL,Opuama,NPDC,ONSHORE,Medium,97.08856986
Nigeria,6.062191,5.586581,0.13935278,13.48273268,2020,OIL,Oredo,NPDC,ONSHORE,Medium,139.3527804
Nigeria,5.515772,5.937544,0.073582687,7.11931044,2020,OIL,Ughelli East,NPDC,ONSHORE,Medium,73.58268746
Nigeria,5.433981,5.884212,0.088361042,8.549153519,2020,OIL,Utorogu,NPDC,ONSHORE,Medium,88.36104237
Nigeria,5.447574,5.880146,0.05359711,5.185655491,2020,OIL,Utorogu,NPDC,ONSHORE,Medium,53.59711035
Nigeria,5.883345,6.218056,0.107027789,10.35520831,2020,OIL,Egbaoma,Platform Petroleum,ONSHORE,Medium,107.0277892
Nigeria,6.064998,5.43744,0.05208455,5.039311491,2020,OIL,Oziengbe South,Sahara Energy,ONSHORE,Medium,52.08455026
Nigeria,6.013549,5.865213,0.128933346,12.47462614,2020,OIL,Oben,SEPLAT Petroleum Development,ONSHORE,Medium,128.933346
Nigeria,5.900519,5.582816,0.152781778,14.78202203,2020,OIL,Sapele,SEPLAT Petroleum Development,ONSHORE,Medium,152.7817779
Nigeria,4.661132,6.077444,0.068360202,6.614021782,2020,OIL,Diebu Creek,Shell,ONSHORE,Medium,68.3602017
Nigeria,4.800415,6.090077,0.06036327,5.840298525,2020,OIL,Nun River,Shell,ONSHORE,Medium,60.36327038
Nigeria,5.614265,5.201486,0.099516063,9.628429872,2020,OIL,Saghara,Shell,ONSHORE,Medium,99.51606296
Nigeria,5.250439,6.599722,0.123809193,11.9788514,2020,OIL,Obagi SW,TotalEnergies,ONSHORE,Medium,123.8091928
Nigeria,4.442,6.361,0.054320368,5.255632491,2021,OIL,Nembe Creek,Aiteo Eastern E&P Company,ONSHORE,Medium,54.320368
Nigeria,5.685,6.36,0.194900691,18.857133,2021,OIL,Ebendo,Energia,ONSHORE,Medium,194.900691
Nigeria,5.635,6.67,0.095979614,9.286269523,2021,OIL,Akri,Eni,ONSHORE,Medium,95.979614
Nigeria,5.66,6.517,0.175565577,16.986412,2021,OIL,Kwale,Eni,ONSHORE,Medium,175.565577
Nigeria,5.459,6.695,0.134643092,13.02705845,2021,OIL,M'Bede,Eni,ONSHORE,Medium,134.643092
Nigeria,5.386,6.657,0.146795527,14.20283716,2021,OIL,Obiafu-Obrikom,Eni,ONSHORE,Medium,146.795527
Nigeria,5.688,6.592,0.085417524,8.264360699,2021,OIL,Okpai,Eni,ONSHORE,Medium,85.417524
Nigeria,5.1,6.507,0.064183563,6.209921463,2021,OIL,Oshi,Eni,ONSHORE,Medium,64.183563
Nigeria,4.654,7.06,0.05451263,5.274234324,2021,OIL,Alakiri,Eroton E&P Company,ONSHORE,Medium,54.51263
Nigeria,4.552,7.045,0.070376166,6.809071408,2021,OIL,Cawthorne Channel,Eroton E&P Company,ONSHORE,Medium,70.376166
Nigeria,4.46,7.468,0.083563588,8.084987719,2021,OIL,Otakikpo,Lekoil,ONSHORE,Medium,83.563588
Nigeria,4.507,5.74,0.064137773,6.205491165,2021,NA,NA,NA,ONSHORE,Medium,64.137773
Nigeria,5.524,5.468,0.078394525,7.584867848,2021,OIL,Odidi,Neconde Energy,ONSHORE,Medium,78.394525
Nigeria,4.553,8.01,0.059645883,5.770889488,2021,OIL,Qua Iboe,Network E&P,ONSHORE,Medium,59.645883
Nigeria,5.568,6.305,0.055743402,5.393314617,2021,OIL,Ogini,NPDC,ONSHORE,Medium,55.743402
Nigeria,5.951,5.051,0.070060621,6.778541635,2021,OIL,Opuama,NPDC,ONSHORE,Medium,70.060621
Nigeria,6.062,5.587,0.12717745,12.30473877,2021,OIL,Oredo,NPDC,ONSHORE,Medium,127.17745
Nigeria,5.516,5.938,0.07449762,7.207832469,2021,OIL,Ughelli East,NPDC,ONSHORE,Medium,74.49762
Nigeria,5.448,5.88,0.068906168,6.666845398,2021,OIL,Utorogu,NPDC,ONSHORE,Medium,68.906168
Nigeria,5.434,5.884,0.117433721,11.36200844,2021,OIL,Utorogu,NPDC,ONSHORE,Medium,117.433721
Nigeria,6.065,5.437,0.053198497,5.147088645,2021,OIL,Oziengbe South,Sahara Energy,ONSHORE,Medium,53.198497
Nigeria,6.014,5.865,0.112496253,10.88429597,2021,OIL,Oben,SEPLAT Energy,ONSHORE,Medium,112.496253
Nigeria,4.527,6.633,0.055291072,5.34955055,2021,OIL,Robertkiri,SEPLAT Energy,ONSHORE,Medium,55.291072
Nigeria,5.901,5.583,0.135242773,13.0850791,2021,OIL,Sapele,SEPLAT Energy,ONSHORE,Medium,135.242773
Nigeria,4.661,6.077,0.071300785,6.898530627,2021,OIL,Diebu Creek,Shell,ONSHORE,Medium,71.300785
Nigeria,5.614,5.202,0.090924146,8.797140254,2021,OIL,Saghara,Shell,ONSHORE,Medium,90.924146
Nigeria,4.656,6.615,0.054488854,5.271933936,2021,OIL,Soku,Shell,ONSHORE,Medium,54.488854
Nigeria,5.251,6.6,0.102626307,9.929353821,2021,OIL,Obagi,TotalEnergies,ONSHORE,Medium,102.626307
Nigeria,5.685046,6.359328,0.110621183,10.70287822,2022,OIL,Ebendo,Energia,ONSHORE,Medium,110.621183
Nigeria,5.634755,6.669561,0.070341529,6.805720191,2022,OIL,Akri,Eni,ONSHORE,Medium,70.341529
Nigeria,5.6598,6.51654,0.169648599,16.41392947,2022,OIL,Kwale,Eni,ONSHORE,Medium,169.648599
Nigeria,5.459336,6.695024,0.08149244,7.884598931,2022,OIL,M'Bede,Eni,ONSHORE,Medium,81.49244
Nigeria,5.386367,6.657169,0.167126883,16.16994709,2022,OIL,Obiafu-Obrikom,Eni,ONSHORE,Medium,167.126883
Nigeria,5.099783,6.506892,0.057555656,5.568654758,2022,OIL,Oshi,Eni,ONSHORE,Medium,57.555656
Nigeria,4.55598,5.921439,0.055926271,5.411007653,2022,OIL,Tebidaba,Eni,ONSHORE,Medium,55.926271
Nigeria,4.459612,7.468458,0.078594712,7.604236445,2022,OIL,Otakikpo,Lekoil,ONSHORE,Medium,78.594712
Nigeria,4.423652,7.15544,0.077200738,7.469365947,2022,LNG,NLNG,NA,ONSHORE,Medium,77.200738
Nigeria,5.524315,5.467962,0.115550726,11.17982393,2022,OIL,Odidi,Neconde Energy,ONSHORE,Medium,115.550726
Nigeria,5.924238,5.31631,0.068388674,6.616776549,2022,OIL,Gbetiokun (OML 40),NPDC,ONSHORE,Medium,68.388674
Nigeria,5.568382,6.305108,0.056656574,5.481666309,2022,OIL,Ogini,NPDC,ONSHORE,Medium,56.656574
Nigeria,5.951138,5.050727,0.057075147,5.522164302,2022,OIL,Opuama,NPDC,ONSHORE,Medium,57.075147
Nigeria,6.062372,5.586759,0.113625169,10.99352144,2022,OIL,Oredo,NPDC,ONSHORE,Medium,113.625169
Nigeria,5.515971,5.937782,0.064649102,6.254963534,2022,OIL,Ughelli East,NPDC,ONSHORE,Medium,64.649102
Nigeria,5.448319,5.880007,0.05763579,5.576407925,2022,OIL,Utorogu,NPDC,ONSHORE,Medium,57.63579
Nigeria,5.43438,5.884348,0.086880477,8.4059050890000009,2022,OIL,Utorogu,NPDC,ONSHORE,Medium,86.880477
Nigeria,6.013639,5.865574,0.110104864,10.652923060000001,2022,OIL,Oben,SEPLAT Energy,ONSHORE,Medium,110.104864
Nigeria,5.900736,5.58305,0.146837502,14.20689835,2022,OIL,Sapele,SEPLAT Energy,ONSHORE,Medium,146.837502
Nigeria,5.250701,6.599837,0.084710116,8.195917192,2022,OIL,Obagi SW,TotalEnergies,ONSHORE,Medium,84.710116
Nigeria,5.685008,6.359505,0.08494993,8.219119801,2023,OIL,Ebendo,Energia,ONSHORE,Medium,84.94993
Nigeria,4.892484,7.12021,0.08530745,8.253710762,2023,OIL,Obigbo North (OML 17),Heirs Energies,ONSHORE,Medium,85.30745
Nigeria,4.459638,7.468476,0.106573992,10.31130229,2023,OIL,Otakikpo,Lekoil Nigeria,ONSHORE,Medium,106.573992
Nigeria,5.924107,5.316413,0.065403474,6.327950926,2023,OIL,Gbetiokun (OML 40),NEPL,ONSHORE,Medium,65.403474
Nigeria,5.524268,5.468135,0.053339097,5.160692049,2023,OIL,Odidi,NEPL,ONSHORE,Medium,53.339097
Nigeria,5.568409,6.305209,0.053066408,5.134308701,2023,OIL,Ogini,NEPL,ONSHORE,Medium,53.066408
Nigeria,5.951114,5.050883,0.104052276,10.06731991,2023,OIL,Opuama,NEPL,ONSHORE,Medium,104.052276
Nigeria,6.062322,5.586799,0.108795427,10.52623173,2023,OIL,Oredo,NEPL,ONSHORE,Medium,108.795427
Nigeria,5.51595,5.937901,0.072999737,7.062908514,2023,OIL,Ughelli East,NEPL,ONSHORE,Medium,72.999737
Nigeria,5.434027,5.884532,0.094763812,9.168637616,2023,OIL,Utorogu,NEPL,ONSHORE,Medium,94.763812
Nigeria,5.447661,5.880271,0.05835846,5.646328068,2023,OIL,Utorogu,NEPL,ONSHORE,Medium,58.35846
Nigeria,4.553198,8.009776,0.101440446,9.81461878,2023,OIL,Qua Iboe,Network E&P,ONSHORE,Medium,101.440446
Nigeria,4.423558,7.155188,0.097746077,9.45717927,2023,LNG,NLNG,Nigeria LNG,ONSHORE,Medium,97.746077
Nigeria,5.634705,6.669688,0.06525759,6.313836282,2023,OIL,Akri,Oando Oil,ONSHORE,Medium,65.25759
Nigeria,5.659657,6.516614,0.125654322,12.1573723,2023,OIL,Kwale,Oando Oil,ONSHORE,Medium,125.654322
Nigeria,5.459174,6.695155,0.063319705,6.126341024,2023,OIL,M'Bede,Oando Oil,ONSHORE,Medium,63.319705
Nigeria,5.386319,6.657344,0.1332227,12.88963195,2023,OIL,Obiafu-Obrikom,Oando Oil,ONSHORE,Medium,133.2227
Nigeria,6.013546,5.865763,0.097459592,9.429461124,2023,OIL,Oben,SEPLAT Energy,ONSHORE,Medium,97.459592
Nigeria,5.900668,5.583204,0.130440916,12.62048733,2023,OIL,Sapele,SEPLAT Energy,ONSHORE,Medium,130.440916
Nigeria,4.655617,6.615102,0.052081615,5.039027497,2023,OIL,Soku,Shell,ONSHORE,Medium,52.081615
Nigeria,5.50379,6.83201,0.075947952,7.348155745,2023,OIL,Agu,Sterling Global,ONSHORE,Medium,75.947952
Nigeria,5.250582,6.600014,0.081527077,7.887950148,2023,OIL,Obagi,TotalEnergies,ONSHORE,Medium,81.527077
Nigeria,5.68606,6.359203,0.08554,8.276210452118658,2024,OIL,Ebendo,Energia,ONSHORE,Medium,85.54
Nigeria,4.98319,7.11762,0.06466,6.256017861047375,2024,OIL,Nkali,Heirs Energies,ONSHORE,Medium,64.66
Nigeria,4.893327,7.119671,0.09557,9.246638214975219,2024,OIL,Obigbo North (OML 17),Heirs Energies,ONSHORE,Medium,95.57000000000001
Nigeria,4.844138,7.254487,0.05717,5.531341495763662,2024,OIL,Afam Umuosi,NEPL,ONSHORE,Medium,57.17
Nigeria,5.925177,5.315673,0.07043,6.814279894116403,2024,OIL,Gbetiokun (OML 40),NEPL,ONSHORE,Medium,70.43
Nigeria,5.525447,5.467956,0.08159,7.89403800313726,2024,OIL,Odidi,NEPL,ONSHORE,Medium,81.58999999999999
Nigeria,5.952297,5.050406,0.14676,14.199399648736664,2024,OIL,Opuama,NEPL,ONSHORE,Medium,146.76
Nigeria,6.063436,5.586368,0.13327,12.894208171076146,2024,OIL,Oredo,NEPL,ONSHORE,Medium,133.27
Nigeria,5.517251,5.937709,0.10547,10.204488150396946,2024,OIL,Ughelli East,NEPL,ONSHORE,Medium,105.47
Nigeria,5.435457,5.884007,0.06945,6.719462425761525,2024,OIL,Utorogu,NEPL,ONSHORE,Medium,69.45
Nigeria,4.554545,8.009399,0.07292,7.055193665752777,2024,OIL,Qua Iboe,Network E&P,ONSHORE,Medium,72.92
Nigeria,4.423512,7.161621,0.1144,11.068488142651093,2024,LNG,NLNG,Nigeria LNG,ONSHORE,Medium,114.4
Nigeria,5.635682,6.669538,0.06374,6.167005543816265,2024,OIL,Akri,Oando Oil,ONSHORE,Medium,63.74
Nigeria,5.660747,6.51644,0.11194,10.830476946576603,2024,OIL,Kwale,Oando Oil,ONSHORE,Medium,111.94
Nigeria,5.387331,6.656847,0.10205,9.873594536342168,2024,OIL,Obiafu-Obrikom,Oando Oil,ONSHORE,Medium,102.05
Nigeria,4.815061,5.961613,0.07295,7.0580962413146615,2024,OIL,Ogbainbiri,Oando Oil,ONSHORE,Medium,72.95
Nigeria,5.100966,6.506602,0.05884,5.692918202041874,2024,OIL,Oshi,Oando Oil,ONSHORE,Medium,58.84
Nigeria,6.066301,5.437161,0.07074,6.844273174922537,2024,OIL,Oziengbe South,Sahara Energy,ONSHORE,Medium,70.74
Nigeria,6.01454,5.865479,0.11051,10.692120844793465,2024,OIL,Oben,SEPLAT Energy,ONSHORE,Medium,110.50999999999999
Nigeria,5.901582,5.582832,0.11335,10.966897997985152,2024,OIL,Sapele,SEPLAT Energy,ONSHORE,Medium,113.35000000000001
Nigeria,4.656921,6.614931,0.05479,5.30107050118753,2024,OIL,Soku,Shell,ONSHORE,Medium,54.79
Nigeria,5.505105,6.831634,0.14712,14.234230555479273,2024,OIL,Agu,Sterling Global,ONSHORE,Medium,147.12
Nigeria,5.251638,6.599601,0.07939,7.6811824619324325,2024,OIL,Obagi,TotalEnergies,ONSHORE,Medium,79.39
